County,Service Type,Provider,Provider Website,Description,Phone,Hours
Alamance,Mobile Crisis Team,RHA Health Services East,https://rhahealthservices.org/mobile-crisis-management/,"Mobile crisis teams are appropriate for individuals experiencing an acute mental health, substance use, or developmental disability crisis who need immediate, on-site support outside of a hospital. If there is an immediate, life-threatening danger, call 911 and ask for a Crisis Intervention Team (CIT) trained officer.",844-709-4097,24/7
Alamance,Mobile Crisis Team,Freedom House Recovery Center,https://freedomhouserecovery.org/service/mobile-crisis-team/,"Mobile crisis teams are appropriate for individuals experiencing an acute mental health, substance use, or developmental disability crisis who need immediate, on-site support outside of a hospital. If there is an immediate, life-threatening danger, call 911 and ask for a Crisis Intervention Team (CIT) trained officer.",866-275-9552,24/7
Alexander,Mobile Crisis Team,RHA Health Services West,https://rhahealthservices.org/mobile-crisis-management/,"Mobile crisis teams are appropriate for individuals experiencing an acute mental health, substance use, or developmental disability crisis who need immediate, on-site support outside of a hospital. If there is an immediate, life-threatening danger, call 911 and ask for a Crisis Intervention Team (CIT) trained officer.",888-573-1006,24/7
Alleghany,Mobile Crisis Team,Daymark Recovery Services,https://www.daymarkrecovery.org/services/mobile-crisis-management,"Mobile crisis teams are appropriate for individuals experiencing an acute mental health, substance use, or developmental disability crisis who need immediate, on-site support outside of a hospital. If there is an immediate, life-threatening danger, call 911 and ask for a Crisis Intervention Team (CIT) trained officer.",866-275-9552,24/7
Anson,Mobile Crisis Team,Daymark Recovery Services,https://www.daymarkrecovery.org/services/mobile-crisis-management,"Mobile crisis teams are appropriate for individuals experiencing an acute mental health, substance use, or developmental disability crisis who need immediate, on-site support outside of a hospital. If there is an immediate, life-threatening danger, call 911 and ask for a Crisis Intervention Team (CIT) trained officer.",866-275-9552,24/7
Anson,Mobile Crisis Team,Therapeutic Alternatives,https://www.mytahome.com/mobile-crisis,"Mobile crisis teams are appropriate for individuals experiencing an acute mental health, substance use, or developmental disability crisis who need immediate, on-site support outside of a hospital. If there is an immediate, life-threatening danger, call 911 and ask for a Crisis Intervention Team (CIT) trained officer.",877-626-1772,24/7
Ashe,Mobile Crisis Team,Daymark Recovery Services,https://www.daymarkrecovery.org/services/mobile-crisis-management,"Mobile crisis teams are appropriate for individuals experiencing an acute mental health, substance use, or developmental disability crisis who need immediate, on-site support outside of a hospital. If there is an immediate, life-threatening danger, call 911 and ask for a Crisis Intervention Team (CIT) trained officer.",866-275-9552,24/7
Avery,Mobile Crisis Team,Daymark Recovery Services,https://www.daymarkrecovery.org/services/mobile-crisis-management,"Mobile crisis teams are appropriate for individuals experiencing an acute mental health, substance use, or developmental disability crisis who need immediate, on-site support outside of a hospital. If there is an immediate, life-threatening danger, call 911 and ask for a Crisis Intervention Team (CIT) trained officer.",866-275-9552,24/7
Beaufort,Mobile Crisis Team,Integrated Family Services,https://integratedfamilyservices.net/services/mobile-crisis-management/,"Mobile crisis teams are appropriate for individuals experiencing an acute mental health, substance use, or developmental disability crisis who need immediate, on-site support outside of a hospital. If there is an immediate, life-threatening danger, call 911 and ask for a Crisis Intervention Team (CIT) trained officer.",866-437-1821,24/7
Bertie,Mobile Crisis Team,Integrated Family Services,https://integratedfamilyservices.net/services/mobile-crisis-management/,"Mobile crisis teams are appropriate for individuals experiencing an acute mental health, substance use, or developmental disability crisis who need immediate, on-site support outside of a hospital. If there is an immediate, life-threatening danger, call 911 and ask for a Crisis Intervention Team (CIT) trained officer.",866-437-1821,24/7
Bladen,Mobile Crisis Team,Integrated Family Services,https://integratedfamilyservices.net/services/mobile-crisis-management/,"Mobile crisis teams are appropriate for individuals experiencing an acute mental health, substance use, or developmental disability crisis who need immediate, on-site support outside of a hospital. If there is an immediate, life-threatening danger, call 911 and ask for a Crisis Intervention Team (CIT) trained officer.",866-437-1821,24/7
Bladen,Mobile Crisis Team,RHA Health Services East,https://rhahealthservices.org/mobile-crisis-management/,"Mobile crisis teams are appropriate for individuals experiencing an acute mental health, substance use, or developmental disability crisis who need immediate, on-site support outside of a hospital. If there is an immediate, life-threatening danger, call 911 and ask for a Crisis Intervention Team (CIT) trained officer.",844-709-4097,24/7
Bladen,Mobile Crisis Team,Monarch,https://monarchnc.org/mobile-crisis-management/,"Mobile crisis teams are appropriate for individuals experiencing an acute mental health, substance use, or developmental disability crisis who need immediate, on-site support outside of a hospital. If there is an immediate, life-threatening danger, call 911 and ask for a Crisis Intervention Team (CIT) trained officer.",800-568-9689,24/7
Brunswick,Mobile Crisis Team,Integrated Family Services,https://integratedfamilyservices.net/services/mobile-crisis-management/,"Mobile crisis teams are appropriate for individuals experiencing an acute mental health, substance use, or developmental disability crisis who need immediate, on-site support outside of a hospital. If there is an immediate, life-threatening danger, call 911 and ask for a Crisis Intervention Team (CIT) trained officer.",866-437-1821,24/7
Brunswick,Mobile Crisis Team,RHA Health Services East,https://rhahealthservices.org/mobile-crisis-management/,"Mobile crisis teams are appropriate for individuals experiencing an acute mental health, substance use, or developmental disability crisis who need immediate, on-site support outside of a hospital. If there is an immediate, life-threatening danger, call 911 and ask for a Crisis Intervention Team (CIT) trained officer.",844-709-4097,24/7
Buncombe,Mobile Crisis Team,RHA Health Services West,https://rhahealthservices.org/mobile-crisis-management/,"Mobile crisis teams are appropriate for individuals experiencing an acute mental health, substance use, or developmental disability crisis who need immediate, on-site support outside of a hospital. If there is an immediate, life-threatening danger, call 911 and ask for a Crisis Intervention Team (CIT) trained officer.",888-573-1006,24/7
Burke,Mobile Crisis Team,Catawba Valley Behavioral Health,https://www.cvhnc.org/brain-mental-health-services/mobile-crisis-management/,"Mobile crisis teams are appropriate for individuals experiencing an acute mental health, substance use, or developmental disability crisis who need immediate, on-site support outside of a hospital. If there is an immediate, life-threatening danger, call 911 and ask for a Crisis Intervention Team (CIT) trained officer.",828-695-2511,24/7
Cabarrus,Mobile Crisis Team,Daymark Recovery Services,https://www.daymarkrecovery.org/services/mobile-crisis-management,"Mobile crisis teams are appropriate for individuals experiencing an acute mental health, substance use, or developmental disability crisis who need immediate, on-site support outside of a hospital. If there is an immediate, life-threatening danger, call 911 and ask for a Crisis Intervention Team (CIT) trained officer.",866-275-9552,24/7
Caldwell,Mobile Crisis Team,RHA Health Services West,https://rhahealthservices.org/mobile-crisis-management/,"Mobile crisis teams are appropriate for individuals experiencing an acute mental health, substance use, or developmental disability crisis who need immediate, on-site support outside of a hospital. If there is an immediate, life-threatening danger, call 911 and ask for a Crisis Intervention Team (CIT) trained officer.",888-573-1006,24/7
Camden,Mobile Crisis Team,Integrated Family Services,https://integratedfamilyservices.net/services/mobile-crisis-management/,"Mobile crisis teams are appropriate for individuals experiencing an acute mental health, substance use, or developmental disability crisis who need immediate, on-site support outside of a hospital. If there is an immediate, life-threatening danger, call 911 and ask for a Crisis Intervention Team (CIT) trained officer.",866-437-1821,24/7
Carteret,Mobile Crisis Team,Integrated Family Services,https://integratedfamilyservices.net/services/mobile-crisis-management/,"Mobile crisis teams are appropriate for individuals experiencing an acute mental health, substance use, or developmental disability crisis who need immediate, on-site support outside of a hospital. If there is an immediate, life-threatening danger, call 911 and ask for a Crisis Intervention Team (CIT) trained officer.",866-437-1821,24/7
Carteret,Mobile Crisis Team,RHA Health Services East,https://rhahealthservices.org/mobile-crisis-management/,"Mobile crisis teams are appropriate for individuals experiencing an acute mental health, substance use, or developmental disability crisis who need immediate, on-site support outside of a hospital. If there is an immediate, life-threatening danger, call 911 and ask for a Crisis Intervention Team (CIT) trained officer.",844-709-4097,24/7
Caswell,Mobile Crisis Team,Daymark Recovery Services,https://www.daymarkrecovery.org/services/mobile-crisis-management,"Mobile crisis teams are appropriate for individuals experiencing an acute mental health, substance use, or developmental disability crisis who need immediate, on-site support outside of a hospital. If there is an immediate, life-threatening danger, call 911 and ask for a Crisis Intervention Team (CIT) trained officer.",866-275-9556,24/7
Caswell,Mobile Crisis Team,RHA Health Services East,https://rhahealthservices.org/mobile-crisis-management/,"Mobile crisis teams are appropriate for individuals experiencing an acute mental health, substance use, or developmental disability crisis who need immediate, on-site support outside of a hospital. If there is an immediate, life-threatening danger, call 911 and ask for a Crisis Intervention Team (CIT) trained officer.",844-709-4097,24/7
Caswell,Mobile Crisis Team,Freedom House Recovery Center,https://freedomhouserecovery.org/service/mobile-crisis-team/,"Mobile crisis teams are appropriate for individuals experiencing an acute mental health, substance use, or developmental disability crisis who need immediate, on-site support outside of a hospital. If there is an immediate, life-threatening danger, call 911 and ask for a Crisis Intervention Team (CIT) trained officer.",866-275-9552,24/7
Catawba,Mobile Crisis Team,Catawba Valley Behavioral Health,https://www.cvhnc.org/brain-mental-health-services/mobile-crisis-management/,"Mobile crisis teams are appropriate for individuals experiencing an acute mental health, substance use, or developmental disability crisis who need immediate, on-site support outside of a hospital. If there is an immediate, life-threatening danger, call 911 and ask for a Crisis Intervention Team (CIT) trained officer.",828-695-2511,24/7
Chatham,Mobile Crisis Team,Monarch,https://monarchnc.org/mobile-crisis-management/,"Mobile crisis teams are appropriate for individuals experiencing an acute mental health, substance use, or developmental disability crisis who need immediate, on-site support outside of a hospital. If there is an immediate, life-threatening danger, call 911 and ask for a Crisis Intervention Team (CIT) trained officer.",800-568-7235,24/7
Cherokee,Mobile Crisis Team,Appalachian Community Services,https://www.acswnc.com/crisis-services,"Mobile crisis teams are appropriate for individuals experiencing an acute mental health, substance use, or developmental disability crisis who need immediate, on-site support outside of a hospital. If there is an immediate, life-threatening danger, call 911 and ask for a Crisis Intervention Team (CIT) trained officer.",888-315-2880,24/7
Chowan,Mobile Crisis Team,Integrated Family Services,https://integratedfamilyservices.net/services/mobile-crisis-management/,"Mobile crisis teams are appropriate for individuals experiencing an acute mental health, substance use, or developmental disability crisis who need immediate, on-site support outside of a hospital. If there is an immediate, life-threatening danger, call 911 and ask for a Crisis Intervention Team (CIT) trained officer.",866-437-1821,24/7
Clay,Mobile Crisis Team,Appalachian Community Services,https://www.acswnc.com/crisis-services,"Mobile crisis teams are appropriate for individuals experiencing an acute mental health, substance use, or developmental disability crisis who need immediate, on-site support outside of a hospital. If there is an immediate, life-threatening danger, call 911 and ask for a Crisis Intervention Team (CIT) trained officer.",888-315-2880,24/7
Cleveland,Mobile Crisis Team,Phoenix Counseling Center,https://phoenixcc.us/mobile-crisis-management/,"Mobile crisis teams are appropriate for individuals experiencing an acute mental health, substance use, or developmental disability crisis who need immediate, on-site support outside of a hospital. If there is an immediate, life-threatening danger, call 911 and ask for a Crisis Intervention Team (CIT) trained officer.",855-527-4747,24/7
Columbus,Mobile Crisis Team,Integrated Family Services,https://integratedfamilyservices.net/services/mobile-crisis-management/,"Mobile crisis teams are appropriate for individuals experiencing an acute mental health, substance use, or developmental disability crisis who need immediate, on-site support outside of a hospital. If there is an immediate, life-threatening danger, call 911 and ask for a Crisis Intervention Team (CIT) trained officer.",866-437-1821,24/7
Craven,Mobile Crisis Team,Integrated Family Services,https://integratedfamilyservices.net/services/mobile-crisis-management/,"Mobile crisis teams are appropriate for individuals experiencing an acute mental health, substance use, or developmental disability crisis who need immediate, on-site support outside of a hospital. If there is an immediate, life-threatening danger, call 911 and ask for a Crisis Intervention Team (CIT) trained officer.",866-437-1821,24/7
Craven,Mobile Crisis Team,RHA Health Services East,https://rhahealthservices.org/mobile-crisis-management/,"Mobile crisis teams are appropriate for individuals experiencing an acute mental health, substance use, or developmental disability crisis who need immediate, on-site support outside of a hospital. If there is an immediate, life-threatening danger, call 911 and ask for a Crisis Intervention Team (CIT) trained officer.",844-709-4097,24/7
Cumberland,Mobile Crisis Team,Therapeutic Alternatives,https://www.mytahome.com/mobile-crisis,"Mobile crisis teams are appropriate for individuals experiencing an acute mental health, substance use, or developmental disability crisis who need immediate, on-site support outside of a hospital. If there is an immediate, life-threatening danger, call 911 and ask for a Crisis Intervention Team (CIT) trained officer.",877-626-1772,24/7
Currituck,Mobile Crisis Team,Integrated Family Services,https://integratedfamilyservices.net/services/mobile-crisis-management/,"Mobile crisis teams are appropriate for individuals experiencing an acute mental health, substance use, or developmental disability crisis who need immediate, on-site support outside of a hospital. If there is an immediate, life-threatening danger, call 911 and ask for a Crisis Intervention Team (CIT) trained officer.",866-437-1821,24/7
Dare,Mobile Crisis Team,Integrated Family Services,https://integratedfamilyservices.net/services/mobile-crisis-management/,"Mobile crisis teams are appropriate for individuals experiencing an acute mental health, substance use, or developmental disability crisis who need immediate, on-site support outside of a hospital. If there is an immediate, life-threatening danger, call 911 and ask for a Crisis Intervention Team (CIT) trained officer.",866-437-1821,24/7
Davidson,Mobile Crisis Team,Daymark Recovery Services,https://www.daymarkrecovery.org/services/mobile-crisis-management,"Mobile crisis teams are appropriate for individuals experiencing an acute mental health, substance use, or developmental disability crisis who need immediate, on-site support outside of a hospital. If there is an immediate, life-threatening danger, call 911 and ask for a Crisis Intervention Team (CIT) trained officer.",866-275-9552,24/7
Davie,Mobile Crisis Team,Daymark Recovery Services,https://www.daymarkrecovery.org/services/mobile-crisis-management,"Mobile crisis teams are appropriate for individuals experiencing an acute mental health, substance use, or developmental disability crisis who need immediate, on-site support outside of a hospital. If there is an immediate, life-threatening danger, call 911 and ask for a Crisis Intervention Team (CIT) trained officer.",866-275-9552,24/7
Duplin,Mobile Crisis Team,Easterseals PORT Health,https://eastersealsport.com/mobile-crisis-management/,"Mobile crisis teams are appropriate for individuals experiencing an acute mental health, substance use, or developmental disability crisis who need immediate, on-site support outside of a hospital. If there is an immediate, life-threatening danger, call 911 and ask for a Crisis Intervention Team (CIT) trained officer.",866-241-7245,24/7
Durham,Mobile Crisis Team,Therapeutic Alternatives,https://www.mytahome.com/mobile-crisis,"Mobile crisis teams are appropriate for individuals experiencing an acute mental health, substance use, or developmental disability crisis who need immediate, on-site support outside of a hospital. If there is an immediate, life-threatening danger, call 911 and ask for a Crisis Intervention Team (CIT) trained officer.",877-626-1772,24/7
Durham,Mobile Crisis Team,Daymark Recovery Services,https://www.daymarkrecovery.org/services/mobile-crisis-management,"Mobile crisis teams are appropriate for individuals experiencing an acute mental health, substance use, or developmental disability crisis who need immediate, on-site support outside of a hospital. If there is an immediate, life-threatening danger, call 911 and ask for a Crisis Intervention Team (CIT) trained officer.",866-275-9552,24/7
Durham,Mobile Crisis Team,Freedom House Recovery Center,https://freedomhouserecovery.org/service/mobile-crisis-team/,"Mobile crisis teams are appropriate for individuals experiencing an acute mental health, substance use, or developmental disability crisis who need immediate, on-site support outside of a hospital. If there is an immediate, life-threatening danger, call 911 and ask for a Crisis Intervention Team (CIT) trained officer.",866-275-9552,24/7
Edgecombe,Mobile Crisis Team,Integrated Family Services,https://integratedfamilyservices.net/services/mobile-crisis-management/,"Mobile crisis teams are appropriate for individuals experiencing an acute mental health, substance use, or developmental disability crisis who need immediate, on-site support outside of a hospital. If there is an immediate, life-threatening danger, call 911 and ask for a Crisis Intervention Team (CIT) trained officer.",866-437-1821,24/7
Edgecombe,Mobile Crisis Team,Easterseals PORT Health,https://eastersealsport.com/mobile-crisis-management/,"Mobile crisis teams are appropriate for individuals experiencing an acute mental health, substance use, or developmental disability crisis who need immediate, on-site support outside of a hospital. If there is an immediate, life-threatening danger, call 911 and ask for a Crisis Intervention Team (CIT) trained officer.",866-241-7245,24/7
Forsyth,Mobile Crisis Team,Daymark Recovery Services,https://www.daymarkrecovery.org/services/mobile-crisis-management,"Mobile crisis teams are appropriate for individuals experiencing an acute mental health, substance use, or developmental disability crisis who need immediate, on-site support outside of a hospital. If there is an immediate, life-threatening danger, call 911 and ask for a Crisis Intervention Team (CIT) trained officer.",866-275-9552,24/7
Franklin,Mobile Crisis Team,RHA Health Services East,https://rhahealthservices.org/mobile-crisis-management/,"Mobile crisis teams are appropriate for individuals experiencing an acute mental health, substance use, or developmental disability crisis who need immediate, on-site support outside of a hospital. If there is an immediate, life-threatening danger, call 911 and ask for a Crisis Intervention Team (CIT) trained officer.",844-709-4097,24/7
Gaston,Mobile Crisis Team,Phoenix Counseling Center,https://phoenixcc.us/mobile-crisis-management/,"Mobile crisis teams are appropriate for individuals experiencing an acute mental health, substance use, or developmental disability crisis who need immediate, on-site support outside of a hospital. If there is an immediate, life-threatening danger, call 911 and ask for a Crisis Intervention Team (CIT) trained officer.",855-527-4747,24/7
Gates,Mobile Crisis Team,Integrated Family Services,https://integratedfamilyservices.net/services/mobile-crisis-management/,"Mobile crisis teams are appropriate for individuals experiencing an acute mental health, substance use, or developmental disability crisis who need immediate, on-site support outside of a hospital. If there is an immediate, life-threatening danger, call 911 and ask for a Crisis Intervention Team (CIT) trained officer.",866-437-1821,24/7
Graham,Mobile Crisis Team,Appalachian Community Services,https://www.acswnc.com/crisis-services,"Mobile crisis teams are appropriate for individuals experiencing an acute mental health, substance use, or developmental disability crisis who need immediate, on-site support outside of a hospital. If there is an immediate, life-threatening danger, call 911 and ask for a Crisis Intervention Team (CIT) trained officer.",888-315-2880,24/7
Granville,Mobile Crisis Team,RHA Health Services East,https://rhahealthservices.org/mobile-crisis-management/,"Mobile crisis teams are appropriate for individuals experiencing an acute mental health, substance use, or developmental disability crisis who need immediate, on-site support outside of a hospital. If there is an immediate, life-threatening danger, call 911 and ask for a Crisis Intervention Team (CIT) trained officer.",844-709-4097,24/7
Greene,Mobile Crisis Team,Integrated Family Services,https://integratedfamilyservices.net/services/mobile-crisis-management/,"Mobile crisis teams are appropriate for individuals experiencing an acute mental health, substance use, or developmental disability crisis who need immediate, on-site support outside of a hospital. If there is an immediate, life-threatening danger, call 911 and ask for a Crisis Intervention Team (CIT) trained officer.",866-437-1821,24/7
Greene,Mobile Crisis Team,Easterseals PORT Health,https://eastersealsport.com/mobile-crisis-management/,"Mobile crisis teams are appropriate for individuals experiencing an acute mental health, substance use, or developmental disability crisis who need immediate, on-site support outside of a hospital. If there is an immediate, life-threatening danger, call 911 and ask for a Crisis Intervention Team (CIT) trained officer.",866-241-7245,24/7
Guilford,Mobile Crisis Team,Therapeutic Alternatives,https://www.mytahome.com/mobile-crisis,"Mobile crisis teams are appropriate for individuals experiencing an acute mental health, substance use, or developmental disability crisis who need immediate, on-site support outside of a hospital. If there is an immediate, life-threatening danger, call 911 and ask for a Crisis Intervention Team (CIT) trained officer.",877-626-1772,24/7
Halifax,Mobile Crisis Team,Integrated Family Services,https://integratedfamilyservices.net/services/mobile-crisis-management/,"Mobile crisis teams are appropriate for individuals experiencing an acute mental health, substance use, or developmental disability crisis who need immediate, on-site support outside of a hospital. If there is an immediate, life-threatening danger, call 911 and ask for a Crisis Intervention Team (CIT) trained officer.",866-437-1821,24/7
Harnett,Mobile Crisis Team,Therapeutic Alternatives,https://www.mytahome.com/mobile-crisis,"Mobile crisis teams are appropriate for individuals experiencing an acute mental health, substance use, or developmental disability crisis who need immediate, on-site support outside of a hospital. If there is an immediate, life-threatening danger, call 911 and ask for a Crisis Intervention Team (CIT) trained officer.",877-626-1772,24/7
Haywood,Mobile Crisis Team,Appalachian Community Services,https://www.acswnc.com/crisis-services,"Mobile crisis teams are appropriate for individuals experiencing an acute mental health, substance use, or developmental disability crisis who need immediate, on-site support outside of a hospital. If there is an immediate, life-threatening danger, call 911 and ask for a Crisis Intervention Team (CIT) trained officer.",888-315-2880,24/7
Henderson,Mobile Crisis Team,RHA Health Services West,https://rhahealthservices.org/mobile-crisis-management/,"Mobile crisis teams are appropriate for individuals experiencing an acute mental health, substance use, or developmental disability crisis who need immediate, on-site support outside of a hospital. If there is an immediate, life-threatening danger, call 911 and ask for a Crisis Intervention Team (CIT) trained officer.",888-573-1006,24/7
Hertford,Mobile Crisis Team,Integrated Family Services,https://integratedfamilyservices.net/services/mobile-crisis-management/,"Mobile crisis teams are appropriate for individuals experiencing an acute mental health, substance use, or developmental disability crisis who need immediate, on-site support outside of a hospital. If there is an immediate, life-threatening danger, call 911 and ask for a Crisis Intervention Team (CIT) trained officer.",866-437-1821,24/7
Hoke,Mobile Crisis Team,Therapeutic Alternatives,https://www.mytahome.com/mobile-crisis,"Mobile crisis teams are appropriate for individuals experiencing an acute mental health, substance use, or developmental disability crisis who need immediate, on-site support outside of a hospital. If there is an immediate, life-threatening danger, call 911 and ask for a Crisis Intervention Team (CIT) trained officer.",877-626-1772,24/7
Hyde,Mobile Crisis Team,Integrated Family Services,https://integratedfamilyservices.net/services/mobile-crisis-management/,"Mobile crisis teams are appropriate for individuals experiencing an acute mental health, substance use, or developmental disability crisis who need immediate, on-site support outside of a hospital. If there is an immediate, life-threatening danger, call 911 and ask for a Crisis Intervention Team (CIT) trained officer.",866-437-1821,24/7
Iredell,Mobile Crisis Team,Daymark Recovery Services,https://www.daymarkrecovery.org/services/mobile-crisis-management,"Mobile crisis teams are appropriate for individuals experiencing an acute mental health, substance use, or developmental disability crisis who need immediate, on-site support outside of a hospital. If there is an immediate, life-threatening danger, call 911 and ask for a Crisis Intervention Team (CIT) trained officer.",866-275-9555,24/7
Jackson,Mobile Crisis Team,Appalachian Community Services,https://www.acswnc.com/crisis-services,"Mobile crisis teams are appropriate for individuals experiencing an acute mental health, substance use, or developmental disability crisis who need immediate, on-site support outside of a hospital. If there is an immediate, life-threatening danger, call 911 and ask for a Crisis Intervention Team (CIT) trained officer.",888-315-2880,24/7
Johnston,Mobile Crisis Team,Therapeutic Alternatives,https://www.mytahome.com/mobile-crisis,"Mobile crisis teams are appropriate for individuals experiencing an acute mental health, substance use, or developmental disability crisis who need immediate, on-site support outside of a hospital. If there is an immediate, life-threatening danger, call 911 and ask for a Crisis Intervention Team (CIT) trained officer.",877-626-1772,24/7
Jones,Mobile Crisis Team,Integrated Family Services,https://integratedfamilyservices.net/services/mobile-crisis-management/,"Mobile crisis teams are appropriate for individuals experiencing an acute mental health, substance use, or developmental disability crisis who need immediate, on-site support outside of a hospital. If there is an immediate, life-threatening danger, call 911 and ask for a Crisis Intervention Team (CIT) trained officer.",866-437-1821,24/7
Jones,Mobile Crisis Team,RHA Health Services East,https://rhahealthservices.org/mobile-crisis-management/,"Mobile crisis teams are appropriate for individuals experiencing an acute mental health, substance use, or developmental disability crisis who need immediate, on-site support outside of a hospital. If there is an immediate, life-threatening danger, call 911 and ask for a Crisis Intervention Team (CIT) trained officer.",844-709-4097,24/7
Lee,Mobile Crisis Team,Therapeutic Alternatives,https://www.mytahome.com/mobile-crisis,"Mobile crisis teams are appropriate for individuals experiencing an acute mental health, substance use, or developmental disability crisis who need immediate, on-site support outside of a hospital. If there is an immediate, life-threatening danger, call 911 and ask for a Crisis Intervention Team (CIT) trained officer.",877-626-1772,24/7
Lenoir,Mobile Crisis Team,Integrated Family Services,https://integratedfamilyservices.net/services/mobile-crisis-management/,"Mobile crisis teams are appropriate for individuals experiencing an acute mental health, substance use, or developmental disability crisis who need immediate, on-site support outside of a hospital. If there is an immediate, life-threatening danger, call 911 and ask for a Crisis Intervention Team (CIT) trained officer.",866-437-1821,24/7
Lenoir,Mobile Crisis Team,Easterseals PORT Health,https://eastersealsport.com/mobile-crisis-management/,"Mobile crisis teams are appropriate for individuals experiencing an acute mental health, substance use, or developmental disability crisis who need immediate, on-site support outside of a hospital. If there is an immediate, life-threatening danger, call 911 and ask for a Crisis Intervention Team (CIT) trained officer.",866-241-7245,24/7
Lincoln,Mobile Crisis Team,Phoenix Counseling Center,https://phoenixcc.us/mobile-crisis-management/,"Mobile crisis teams are appropriate for individuals experiencing an acute mental health, substance use, or developmental disability crisis who need immediate, on-site support outside of a hospital. If there is an immediate, life-threatening danger, call 911 and ask for a Crisis Intervention Team (CIT) trained officer.",855-527-4747,24/7
Macon,Mobile Crisis Team,Appalachian Community Services,https://www.acswnc.com/crisis-services,"Mobile crisis teams are appropriate for individuals experiencing an acute mental health, substance use, or developmental disability crisis who need immediate, on-site support outside of a hospital. If there is an immediate, life-threatening danger, call 911 and ask for a Crisis Intervention Team (CIT) trained officer.",888-315-2880,24/7
Madison,Mobile Crisis Team,RHA Health Services West,https://rhahealthservices.org/mobile-crisis-management/,"Mobile crisis teams are appropriate for individuals experiencing an acute mental health, substance use, or developmental disability crisis who need immediate, on-site support outside of a hospital. If there is an immediate, life-threatening danger, call 911 and ask for a Crisis Intervention Team (CIT) trained officer.",888-573-1006,24/7
Martin,Mobile Crisis Team,Integrated Family Services,https://integratedfamilyservices.net/services/mobile-crisis-management/,"Mobile crisis teams are appropriate for individuals experiencing an acute mental health, substance use, or developmental disability crisis who need immediate, on-site support outside of a hospital. If there is an immediate, life-threatening danger, call 911 and ask for a Crisis Intervention Team (CIT) trained officer.",866-437-1821,24/7
McDowell,Mobile Crisis Team,RHA Health Services West,https://rhahealthservices.org/mobile-crisis-management/,"Mobile crisis teams are appropriate for individuals experiencing an acute mental health, substance use, or developmental disability crisis who need immediate, on-site support outside of a hospital. If there is an immediate, life-threatening danger, call 911 and ask for a Crisis Intervention Team (CIT) trained officer.",888-573-1006,24/7
Mecklenburg,Mobile Crisis Team,CriSys,https://crisysasg.org/our-services/,"Mobile crisis teams are appropriate for individuals experiencing an acute mental health, substance use, or developmental disability crisis who need immediate, on-site support outside of a hospital. If there is an immediate, life-threatening danger, call 911 and ask for a Crisis Intervention Team (CIT) trained officer.",704-566-3410,24/7
Mitchell,Mobile Crisis Team,RHA Health Services West,https://rhahealthservices.org/mobile-crisis-management/,"Mobile crisis teams are appropriate for individuals experiencing an acute mental health, substance use, or developmental disability crisis who need immediate, on-site support outside of a hospital. If there is an immediate, life-threatening danger, call 911 and ask for a Crisis Intervention Team (CIT) trained officer.",888-573-1006,24/7
Montgomery,Mobile Crisis Team,Daymark Recovery Services,https://www.daymarkrecovery.org/services/mobile-crisis-management,"Mobile crisis teams are appropriate for individuals experiencing an acute mental health, substance use, or developmental disability crisis who need immediate, on-site support outside of a hospital. If there is an immediate, life-threatening danger, call 911 and ask for a Crisis Intervention Team (CIT) trained officer.",866-275-9553,24/7
Montgomery,Mobile Crisis Team,Therapeutic Alternatives,https://www.mytahome.com/mobile-crisis,"Mobile crisis teams are appropriate for individuals experiencing an acute mental health, substance use, or developmental disability crisis who need immediate, on-site support outside of a hospital. If there is an immediate, life-threatening danger, call 911 and ask for a Crisis Intervention Team (CIT) trained officer.",877-626-1772,24/7
Moore,Mobile Crisis Team,Therapeutic Alternatives,https://www.mytahome.com/mobile-crisis,"Mobile crisis teams are appropriate for individuals experiencing an acute mental health, substance use, or developmental disability crisis who need immediate, on-site support outside of a hospital. If there is an immediate, life-threatening danger, call 911 and ask for a Crisis Intervention Team (CIT) trained officer.",877-626-1772,24/7
Nash,Mobile Crisis Team,Integrated Family Services,https://integratedfamilyservices.net/services/mobile-crisis-management/,"Mobile crisis teams are appropriate for individuals experiencing an acute mental health, substance use, or developmental disability crisis who need immediate, on-site support outside of a hospital. If there is an immediate, life-threatening danger, call 911 and ask for a Crisis Intervention Team (CIT) trained officer.",866-437-1821,24/7
New Hanover,Mobile Crisis Team,Integrated Family Services,https://integratedfamilyservices.net/services/mobile-crisis-management/,"Mobile crisis teams are appropriate for individuals experiencing an acute mental health, substance use, or developmental disability crisis who need immediate, on-site support outside of a hospital. If there is an immediate, life-threatening danger, call 911 and ask for a Crisis Intervention Team (CIT) trained officer.",866-437-1821,24/7
New Hanover,Mobile Crisis Team,RHA Health Services East,https://rhahealthservices.org/mobile-crisis-management/,"Mobile crisis teams are appropriate for individuals experiencing an acute mental health, substance use, or developmental disability crisis who need immediate, on-site support outside of a hospital. If there is an immediate, life-threatening danger, call 911 and ask for a Crisis Intervention Team (CIT) trained officer.",844-709-4097,24/7
Northampton,Mobile Crisis Team,Integrated Family Services,https://integratedfamilyservices.net/services/mobile-crisis-management/,"Mobile crisis teams are appropriate for individuals experiencing an acute mental health, substance use, or developmental disability crisis who need immediate, on-site support outside of a hospital. If there is an immediate, life-threatening danger, call 911 and ask for a Crisis Intervention Team (CIT) trained officer.",866-437-1821,24/7
Onslow,Mobile Crisis Team,Integrated Family Services,https://integratedfamilyservices.net/services/mobile-crisis-management/,"Mobile crisis teams are appropriate for individuals experiencing an acute mental health, substance use, or developmental disability crisis who need immediate, on-site support outside of a hospital. If there is an immediate, life-threatening danger, call 911 and ask for a Crisis Intervention Team (CIT) trained officer.",866-437-1821,24/7
Onslow,Mobile Crisis Team,RHA Health Services East,https://rhahealthservices.org/mobile-crisis-management/,"Mobile crisis teams are appropriate for individuals experiencing an acute mental health, substance use, or developmental disability crisis who need immediate, on-site support outside of a hospital. If there is an immediate, life-threatening danger, call 911 and ask for a Crisis Intervention Team (CIT) trained officer.",844-709-4097,24/7
Orange,Mobile Crisis Team,Daymark Recovery Services,https://www.daymarkrecovery.org/services/mobile-crisis-management,"Mobile crisis teams are appropriate for individuals experiencing an acute mental health, substance use, or developmental disability crisis who need immediate, on-site support outside of a hospital. If there is an immediate, life-threatening danger, call 911 and ask for a Crisis Intervention Team (CIT) trained officer.",866-275-9552,24/7
Orange,Mobile Crisis Team,Freedom House Recovery Center,https://freedomhouserecovery.org/service/mobile-crisis-team/,"Mobile crisis teams are appropriate for individuals experiencing an acute mental health, substance use, or developmental disability crisis who need immediate, on-site support outside of a hospital. If there is an immediate, life-threatening danger, call 911 and ask for a Crisis Intervention Team (CIT) trained officer.",866-275-9552,24/7
Pamlico,Mobile Crisis Team,Integrated Family Services,https://integratedfamilyservices.net/services/mobile-crisis-management/,"Mobile crisis teams are appropriate for individuals experiencing an acute mental health, substance use, or developmental disability crisis who need immediate, on-site support outside of a hospital. If there is an immediate, life-threatening danger, call 911 and ask for a Crisis Intervention Team (CIT) trained officer.",866-437-1821,24/7
Pamlico,Mobile Crisis Team,RHA Health Services East,https://rhahealthservices.org/mobile-crisis-management/,"Mobile crisis teams are appropriate for individuals experiencing an acute mental health, substance use, or developmental disability crisis who need immediate, on-site support outside of a hospital. If there is an immediate, life-threatening danger, call 911 and ask for a Crisis Intervention Team (CIT) trained officer.",844-709-4097,24/7
Pasquotank,Mobile Crisis Team,Integrated Family Services,https://integratedfamilyservices.net/services/mobile-crisis-management/,"Mobile crisis teams are appropriate for individuals experiencing an acute mental health, substance use, or developmental disability crisis who need immediate, on-site support outside of a hospital. If there is an immediate, life-threatening danger, call 911 and ask for a Crisis Intervention Team (CIT) trained officer.",866-437-1821,24/7
Pender,Mobile Crisis Team,Integrated Family Services,https://integratedfamilyservices.net/services/mobile-crisis-management/,"Mobile crisis teams are appropriate for individuals experiencing an acute mental health, substance use, or developmental disability crisis who need immediate, on-site support outside of a hospital. If there is an immediate, life-threatening danger, call 911 and ask for a Crisis Intervention Team (CIT) trained officer.",866-437-1821,24/7
Pender,Mobile Crisis Team,RHA Health Services East,https://rhahealthservices.org/mobile-crisis-management/,"Mobile crisis teams are appropriate for individuals experiencing an acute mental health, substance use, or developmental disability crisis who need immediate, on-site support outside of a hospital. If there is an immediate, life-threatening danger, call 911 and ask for a Crisis Intervention Team (CIT) trained officer.",844-709-4097,24/7
Perquimans,Mobile Crisis Team,Integrated Family Services,https://integratedfamilyservices.net/services/mobile-crisis-management/,"Mobile crisis teams are appropriate for individuals experiencing an acute mental health, substance use, or developmental disability crisis who need immediate, on-site support outside of a hospital. If there is an immediate, life-threatening danger, call 911 and ask for a Crisis Intervention Team (CIT) trained officer.",866-437-1821,24/7
Person,Mobile Crisis Team,RHA Health Services East,https://rhahealthservices.org/mobile-crisis-management/,"Mobile crisis teams are appropriate for individuals experiencing an acute mental health, substance use, or developmental disability crisis who need immediate, on-site support outside of a hospital. If there is an immediate, life-threatening danger, call 911 and ask for a Crisis Intervention Team (CIT) trained officer.",844-709-4097,24/7
Person,Mobile Crisis Team,Daymark Recovery Services,https://www.daymarkrecovery.org/services/mobile-crisis-management,"Mobile crisis teams are appropriate for individuals experiencing an acute mental health, substance use, or developmental disability crisis who need immediate, on-site support outside of a hospital. If there is an immediate, life-threatening danger, call 911 and ask for a Crisis Intervention Team (CIT) trained officer.",866-275-9552,24/7
Person,Mobile Crisis Team,Freedom House Recovery Center,https://freedomhouserecovery.org/service/mobile-crisis-team/,"Mobile crisis teams are appropriate for individuals experiencing an acute mental health, substance use, or developmental disability crisis who need immediate, on-site support outside of a hospital. If there is an immediate, life-threatening danger, call 911 and ask for a Crisis Intervention Team (CIT) trained officer.",866-275-9552,24/7
Pitt,Mobile Crisis Team,Integrated Family Services,https://integratedfamilyservices.net/services/mobile-crisis-management/,"Mobile crisis teams are appropriate for individuals experiencing an acute mental health, substance use, or developmental disability crisis who need immediate, on-site support outside of a hospital. If there is an immediate, life-threatening danger, call 911 and ask for a Crisis Intervention Team (CIT) trained officer.",866-437-1821,24/7
Polk,Mobile Crisis Team,RHA Health Services West,https://rhahealthservices.org/mobile-crisis-management/,"Mobile crisis teams are appropriate for individuals experiencing an acute mental health, substance use, or developmental disability crisis who need immediate, on-site support outside of a hospital. If there is an immediate, life-threatening danger, call 911 and ask for a Crisis Intervention Team (CIT) trained officer.",888-573-1006,24/7
Randolph,Mobile Crisis Team,Therapeutic Alternatives,https://www.mytahome.com/mobile-crisis,"Mobile crisis teams are appropriate for individuals experiencing an acute mental health, substance use, or developmental disability crisis who need immediate, on-site support outside of a hospital. If there is an immediate, life-threatening danger, call 911 and ask for a Crisis Intervention Team (CIT) trained officer.",877-626-1772,24/7
Randolph,Mobile Crisis Team,Daymark Recovery Services,https://www.daymarkrecovery.org/services/mobile-crisis-management,"Mobile crisis teams are appropriate for individuals experiencing an acute mental health, substance use, or developmental disability crisis who need immediate, on-site support outside of a hospital. If there is an immediate, life-threatening danger, call 911 and ask for a Crisis Intervention Team (CIT) trained officer.",866-275-9552,24/7
Richmond,Mobile Crisis Team,Daymark Recovery Services,https://www.daymarkrecovery.org/services/mobile-crisis-management,"Mobile crisis teams are appropriate for individuals experiencing an acute mental health, substance use, or developmental disability crisis who need immediate, on-site support outside of a hospital. If there is an immediate, life-threatening danger, call 911 and ask for a Crisis Intervention Team (CIT) trained officer.",866-275-9554,24/7
Richmond,Mobile Crisis Team,Therapeutic Alternatives,https://www.mytahome.com/mobile-crisis,"Mobile crisis teams are appropriate for individuals experiencing an acute mental health, substance use, or developmental disability crisis who need immediate, on-site support outside of a hospital. If there is an immediate, life-threatening danger, call 911 and ask for a Crisis Intervention Team (CIT) trained officer.",877-626-1772,24/7
Robeson,Mobile Crisis Team,Monarch,https://monarchnc.org/mobile-crisis-management/,"Mobile crisis teams are appropriate for individuals experiencing an acute mental health, substance use, or developmental disability crisis who need immediate, on-site support outside of a hospital. If there is an immediate, life-threatening danger, call 911 and ask for a Crisis Intervention Team (CIT) trained officer.",800-568-9689,24/7
Rockingham,Mobile Crisis Team,Daymark Recovery Services,https://www.daymarkrecovery.org/services/mobile-crisis-management,"Mobile crisis teams are appropriate for individuals experiencing an acute mental health, substance use, or developmental disability crisis who need immediate, on-site support outside of a hospital. If there is an immediate, life-threatening danger, call 911 and ask for a Crisis Intervention Team (CIT) trained officer.",866-275-9552,24/7
Rowan,Mobile Crisis Team,Daymark Recovery Services,https://www.daymarkrecovery.org/services/mobile-crisis-management,"Mobile crisis teams are appropriate for individuals experiencing an acute mental health, substance use, or developmental disability crisis who need immediate, on-site support outside of a hospital. If there is an immediate, life-threatening danger, call 911 and ask for a Crisis Intervention Team (CIT) trained officer.",866-275-9552,24/7
Rutherford,Mobile Crisis Team,RHA Health Services West,https://rhahealthservices.org/mobile-crisis-management/,"Mobile crisis teams are appropriate for individuals experiencing an acute mental health, substance use, or developmental disability crisis who need immediate, on-site support outside of a hospital. If there is an immediate, life-threatening danger, call 911 and ask for a Crisis Intervention Team (CIT) trained officer.",888-573-1006,24/7
Sampson,Mobile Crisis Team,Easterseals PORT Health,https://eastersealsport.com/mobile-crisis-management/,"Mobile crisis teams are appropriate for individuals experiencing an acute mental health, substance use, or developmental disability crisis who need immediate, on-site support outside of a hospital. If there is an immediate, life-threatening danger, call 911 and ask for a Crisis Intervention Team (CIT) trained officer.",866-241-7245,24/7
Scotland,Mobile Crisis Team,Monarch,https://monarchnc.org/mobile-crisis-management/,"Mobile crisis teams are appropriate for individuals experiencing an acute mental health, substance use, or developmental disability crisis who need immediate, on-site support outside of a hospital. If there is an immediate, life-threatening danger, call 911 and ask for a Crisis Intervention Team (CIT) trained officer.",800-568-9689,24/7
Stanly,Mobile Crisis Team,Daymark Recovery Services,https://www.daymarkrecovery.org/services/mobile-crisis-management,"Mobile crisis teams are appropriate for individuals experiencing an acute mental health, substance use, or developmental disability crisis who need immediate, on-site support outside of a hospital. If there is an immediate, life-threatening danger, call 911 and ask for a Crisis Intervention Team (CIT) trained officer.",866-275-9552,24/7
Stokes,Mobile Crisis Team,Daymark Recovery Services,https://www.daymarkrecovery.org/services/mobile-crisis-management,"Mobile crisis teams are appropriate for individuals experiencing an acute mental health, substance use, or developmental disability crisis who need immediate, on-site support outside of a hospital. If there is an immediate, life-threatening danger, call 911 and ask for a Crisis Intervention Team (CIT) trained officer.",866-275-9552,24/7
Surry,Mobile Crisis Team,Daymark Recovery Services,https://www.daymarkrecovery.org/services/mobile-crisis-management,"Mobile crisis teams are appropriate for individuals experiencing an acute mental health, substance use, or developmental disability crisis who need immediate, on-site support outside of a hospital. If there is an immediate, life-threatening danger, call 911 and ask for a Crisis Intervention Team (CIT) trained officer.",866-275-9552,24/7
Swain,Mobile Crisis Team,Appalachian Community Services,https://www.acswnc.com/crisis-services,"Mobile crisis teams are appropriate for individuals experiencing an acute mental health, substance use, or developmental disability crisis who need immediate, on-site support outside of a hospital. If there is an immediate, life-threatening danger, call 911 and ask for a Crisis Intervention Team (CIT) trained officer.",888-315-2880,24/7
Transylvania,Mobile Crisis Team,RHA Health Services West,https://rhahealthservices.org/mobile-crisis-management/,"Mobile crisis teams are appropriate for individuals experiencing an acute mental health, substance use, or developmental disability crisis who need immediate, on-site support outside of a hospital. If there is an immediate, life-threatening danger, call 911 and ask for a Crisis Intervention Team (CIT) trained officer.",888-573-1006,24/7
Tyrrell,Mobile Crisis Team,Integrated Family Services,https://integratedfamilyservices.net/services/mobile-crisis-management/,"Mobile crisis teams are appropriate for individuals experiencing an acute mental health, substance use, or developmental disability crisis who need immediate, on-site support outside of a hospital. If there is an immediate, life-threatening danger, call 911 and ask for a Crisis Intervention Team (CIT) trained officer.",866-437-1821,24/7
Union,Mobile Crisis Team,Daymark Recovery Services,https://www.daymarkrecovery.org/services/mobile-crisis-management,"Mobile crisis teams are appropriate for individuals experiencing an acute mental health, substance use, or developmental disability crisis who need immediate, on-site support outside of a hospital. If there is an immediate, life-threatening danger, call 911 and ask for a Crisis Intervention Team (CIT) trained officer.",866-275-9552,24/7
Vance,Mobile Crisis Team,RHA Health Services East,https://rhahealthservices.org/mobile-crisis-management/,"Mobile crisis teams are appropriate for individuals experiencing an acute mental health, substance use, or developmental disability crisis who need immediate, on-site support outside of a hospital. If there is an immediate, life-threatening danger, call 911 and ask for a Crisis Intervention Team (CIT) trained officer.",844-709-4097,24/7
Wake,Mobile Crisis Team,Therapeutic Alternatives,https://www.mytahome.com/mobile-crisis,"Mobile crisis teams are appropriate for individuals experiencing an acute mental health, substance use, or developmental disability crisis who need immediate, on-site support outside of a hospital. If there is an immediate, life-threatening danger, call 911 and ask for a Crisis Intervention Team (CIT) trained officer.",877-626-1772,24/7
Warren,Mobile Crisis Team,Integrated Family Services,https://integratedfamilyservices.net/services/mobile-crisis-management/,"Mobile crisis teams are appropriate for individuals experiencing an acute mental health, substance use, or developmental disability crisis who need immediate, on-site support outside of a hospital. If there is an immediate, life-threatening danger, call 911 and ask for a Crisis Intervention Team (CIT) trained officer.",866-437-1821,24/7
Warren,Mobile Crisis Team,Daymark Recovery Services,https://www.daymarkrecovery.org/services/mobile-crisis-management,"Mobile crisis teams are appropriate for individuals experiencing an acute mental health, substance use, or developmental disability crisis who need immediate, on-site support outside of a hospital. If there is an immediate, life-threatening danger, call 911 and ask for a Crisis Intervention Team (CIT) trained officer.",866-275-9552,24/7
Washington,Mobile Crisis Team,Integrated Family Services,https://integratedfamilyservices.net/services/mobile-crisis-management/,"Mobile crisis teams are appropriate for individuals experiencing an acute mental health, substance use, or developmental disability crisis who need immediate, on-site support outside of a hospital. If there is an immediate, life-threatening danger, call 911 and ask for a Crisis Intervention Team (CIT) trained officer.",866-437-1821,24/7
Watauga,Mobile Crisis Team,Daymark Recovery Services,https://www.daymarkrecovery.org/services/mobile-crisis-management,"Mobile crisis teams are appropriate for individuals experiencing an acute mental health, substance use, or developmental disability crisis who need immediate, on-site support outside of a hospital. If there is an immediate, life-threatening danger, call 911 and ask for a Crisis Intervention Team (CIT) trained officer.",866-275-9552,24/7
Wayne,Mobile Crisis Team,Easterseals PORT Health,https://eastersealsport.com/mobile-crisis-management/,"Mobile crisis teams are appropriate for individuals experiencing an acute mental health, substance use, or developmental disability crisis who need immediate, on-site support outside of a hospital. If there is an immediate, life-threatening danger, call 911 and ask for a Crisis Intervention Team (CIT) trained officer.",866-241-7245,24/7
Wilkes,Mobile Crisis Team,Daymark Recovery Services,https://www.daymarkrecovery.org/services/mobile-crisis-management,"Mobile crisis teams are appropriate for individuals experiencing an acute mental health, substance use, or developmental disability crisis who need immediate, on-site support outside of a hospital. If there is an immediate, life-threatening danger, call 911 and ask for a Crisis Intervention Team (CIT) trained officer.",866-275-9552,24/7
Wilson,Mobile Crisis Team,Integrated Family Services,https://integratedfamilyservices.net/services/mobile-crisis-management/,"Mobile crisis teams are appropriate for individuals experiencing an acute mental health, substance use, or developmental disability crisis who need immediate, on-site support outside of a hospital. If there is an immediate, life-threatening danger, call 911 and ask for a Crisis Intervention Team (CIT) trained officer.",866-437-1821,24/7
Wilson,Mobile Crisis Team,Easterseals PORT Health,https://eastersealsport.com/mobile-crisis-management/,"Mobile crisis teams are appropriate for individuals experiencing an acute mental health, substance use, or developmental disability crisis who need immediate, on-site support outside of a hospital. If there is an immediate, life-threatening danger, call 911 and ask for a Crisis Intervention Team (CIT) trained officer.",866-241-7245,24/7
Yadkin,Mobile Crisis Team,Daymark Recovery Services,https://www.daymarkrecovery.org/services/mobile-crisis-management,"Mobile crisis teams are appropriate for individuals experiencing an acute mental health, substance use, or developmental disability crisis who need immediate, on-site support outside of a hospital. If there is an immediate, life-threatening danger, call 911 and ask for a Crisis Intervention Team (CIT) trained officer.",866-275-9552,24/7
Yancey,Mobile Crisis Team,RHA Health Services West,https://rhahealthservices.org/mobile-crisis-management/,"Mobile crisis teams are appropriate for individuals experiencing an acute mental health, substance use, or developmental disability crisis who need immediate, on-site support outside of a hospital. If there is an immediate, life-threatening danger, call 911 and ask for a Crisis Intervention Team (CIT) trained officer.",888-573-1006,24/7
Durham,Alternative 911 Response,Durham HEART,https://www.durhamnc.gov/5461/Crisis-Response-HEART,"Community Response Teams will respond to 911 calls instead of (or alongside) police, depending on the nature of the call. Responds to welfare checks, suicide threats, mental health crises, and more.
Note: Response area may not include entire county. Depending on the call type and team availability, police / fire / EMS may be sent instead.",911 - Request HEART Team,9:00am-11:15pm
Orange,Alternative 911 Response,Chapel Hill CARE Team,https://www.chapelhillnc.gov/Town-Government/Departments-and-Offices/Police/Crisis-Division,"The CARE Team responds without officers to mental and behavioral health issues, substance use, and intellectual developmental disability related needs. The CARE Team is a partnership with Orange County.
Note: Response area may not include entire county. Depending on the call type and team availability, police / fire / EMS may be sent instead.",911 - Request CARE Team,Mon-Fri 6:30am-10:30pm
Mecklenburg,Alternative 911 Response,Mecklenburg CARES Team,https://health.mecknc.gov/services/care-management-and-health-partnerships/trauma-justice-partnerships/cares-team,"Responds to low-level direct 911 calls regarding individuals who are unhoused, immediate requests from CMPD officers, and referrals from the CLT+ mobile app.",,
Guilford,Alternative 911 Response,Greensboro CAR (Clinical Alternative Response) Team,https://www.greensboro-nc.gov/departments/community-safety/alternative-response,"Behavioral Health Response Team (BHRT): BHRT is dispatched through the 911 system and has the ability to provide either a co-response—pairing behavioral health crisis counselors with specially trained officers —or a Clinician Alternative Response (CAR), where two Community Safety Department staff respond to appropriate, low-risk calls in lieu of law enforcement.
Note: Response area may not include entire county. Depending on the call type and team availability, police / fire / EMS may be sent instead.",911 - Request Behavioral Health Response Team,"Mon - Fri, 6:30 am - 12:00am"
Forsyth,Alternative 911 Response,Winston-Salem Behavioral Education & Response (BEAR) Team,https://www.cityofws.org/3400/Behavioral-Evaluation-Response-Team,"The BEAR Team responds 24/7 to mental health and substance use emergencies in Winston-Salem.
Fast response - usually within 30 minutes.
Works with local partners for follow-up care.
Note: Response area may not include entire county. Depending on the call type and team availability, police / fire / EMS may be sent instead.",911 - request the BEAR Team,24/7
Buncombe,Alternative 911 Response,Asheville Fire Department - Community Responder Team,https://www.ashevillenc.gov/news/city-builds-asheville-fire-department-community-responder-program-and-refines-homelessness-services-information-page/,"Asheville Fire Department (AFD) Community Responders will be the lead and first on-the-scene operational response agency to support people in crisis and mitigate the communitywide effects of homelessness. Community Responders are actively reimagining public safety by helping to make connections to resources and providing services when no law is being broken.
Team covers all areas within Asheville City limits and serves as the primary response to encampments",911 dispatchers determine response type based on call details.,9:00am - 9:00pm
,,,,,,
,,,,,,
,,,,,,
